{"cameraMode":{"drawMode":0,"name":"Shaded","section":"Shading Mode"},"sceneLighting":true,"audioPlay":false,"sceneViewState":{"showFog":true,"showMaterialUpdate":false,"showSkybox":true,"showFlares":true,"showImageEffects":true,"showParticleSystems":true},"in2DMode":false,"pivot":{"x":69.25010681152344,"y":11.883621215820313,"z":48.1826171875},"rotation":{"x":0.2259589284658432,"y":0.30506178736686709,"z":-0.07475367933511734,"w":0.9221131205558777},"size":302.4521789550781,"orthographic":false}